{"metric": 9, "_timestamp": 1722433825.2736883, "_runtime": 19.902872323989868, "_step": 9, "_wandb": {"runtime": 2}}